timestamp,cpu_percent,memory_percent,disk_percent,net_sent,net_recv,load_avg_1min,load_avg_5min,load_avg_15min
2025-06-27 12:23:20,7.4,88.1,77.8,47984936,665902313,0.0,0.0,0.0
2025-06-27 12:23:31,84.4,92.8,77.8,48055625,665968540,0.72,0.15,0.05
2025-06-27 12:23:42,19.6,84.1,77.8,48138445,666023158,0.61,0.14,0.05
2025-06-27 12:23:53,25.1,87.2,77.8,48296684,666122664,0.6,0.16,0.05
2025-06-27 12:24:04,9.7,86.1,77.8,48327447,666159502,0.5,0.15,0.05
2025-06-27 12:24:15,14.5,86.0,77.8,48340679,666164843,0.39,0.14,0.05
2025-06-27 12:24:26,27.5,89.0,77.8,48390170,666264798,0.33,0.14,0.05
2025-06-27 12:24:37,11.6,88.3,77.8,48414319,666290664,0.28,0.13,0.05
2025-06-27 12:24:48,16.8,86.7,77.8,48461644,666361644,0.56,0.2,0.07
2025-06-27 12:24:59,20.6,86.3,77.8,48477705,666377914,0.47,0.19,0.07
2025-06-27 12:25:10,5.1,87.2,77.8,48566423,666422613,0.37,0.18,0.07
2025-06-27 12:25:21,24.9,92.6,77.8,48713427,666568598,0.31,0.17,0.07
2025-06-27 12:25:32,28.2,86.4,77.8,48764710,666607912,0.26,0.17,0.07
2025-06-27 12:25:43,3.7,86.1,77.8,48810892,666656004,0.22,0.16,0.07
2025-06-27 12:25:54,8.5,84.8,77.8,48832077,666677499,0.19,0.16,0.07
2025-06-27 12:26:05,15.6,86.5,77.8,48908362,666705707,0.15,0.15,0.07
2025-06-27 12:26:16,4.3,87.4,77.8,48937950,666750663,0.12,0.14,0.07
2025-06-27 12:26:27,4.7,89.1,77.8,49121108,666902408,0.11,0.14,0.07
2025-06-27 12:26:38,2.3,88.1,77.8,49181616,666950401,0.09,0.14,0.06
2025-06-27 12:26:49,9.3,91.3,77.8,49243140,667001313,0.08,0.13,0.06
2025-06-27 12:27:00,27.0,92.1,77.8,49245328,667013454,0.06,0.12,0.06
2025-06-27 12:27:11,8.2,88.0,77.8,49319570,667233864,0.27,0.17,0.08
2025-06-27 12:27:22,13.8,80.0,77.8,49378357,667346419,0.23,0.16,0.08
2025-06-27 12:27:33,8.0,84.3,77.8,49381480,667350230,0.27,0.18,0.08
2025-06-27 12:27:44,5.0,82.4,77.8,49431658,667388822,0.23,0.17,0.08
2025-06-27 12:27:55,39.0,82.9,77.8,49477617,667425528,0.18,0.16,0.08
2025-06-27 12:28:06,6.0,83.2,77.8,49492244,667447546,0.15,0.16,0.08
2025-06-27 12:28:17,34.7,83.3,77.8,49524378,667492387,0.13,0.15,0.08
2025-06-27 12:28:28,7.6,85.3,77.8,49541712,667514822,0.11,0.15,0.08
2025-06-27 12:28:39,1.6,86.3,77.8,49588692,667557743,0.09,0.14,0.08
2025-06-27 12:28:50,6.8,86.8,77.8,49593283,667565378,0.07,0.13,0.08
2025-06-27 12:29:01,12.5,87.2,77.8,49605075,667587991,0.28,0.18,0.09
2025-06-27 12:29:12,37.9,87.4,77.8,49859646,667612615,0.24,0.17,0.09
2025-06-27 12:29:23,91.3,96.0,77.8,49922727,667689137,0.2,0.17,0.09
2025-06-27 12:29:34,20.9,83.1,77.8,50003682,667735703,0.17,0.16,0.09
2025-06-27 12:29:46,10.0,85.5,77.8,50051354,667779625,0.37,0.2,0.1
2025-06-27 12:29:57,11.7,86.1,77.8,50082434,667829530,0.32,0.2,0.1
2025-06-27 12:30:08,23.3,84.1,77.8,50261360,667918335,0.27,0.19,0.1
2025-06-27 12:30:19,25.8,89.7,77.8,50292144,667967481,1.4,0.44,0.19
2025-06-27 12:30:30,10.6,82.0,77.7,50374107,668055002,1.35,0.46,0.2
2025-06-27 12:30:41,9.4,83.1,77.7,50433516,668104012,1.05,0.44,0.19
2025-06-27 12:30:52,7.3,84.0,77.7,50494785,669316691,0.89,0.43,0.19
2025-06-27 12:31:03,35.1,84.0,77.7,50499449,669330003,0.75,0.41,0.19
2025-06-27 12:31:14,4.9,83.1,77.7,50547050,669389291,0.64,0.4,0.19
2025-06-27 12:31:25,11.3,84.5,77.7,50877150,669503911,0.54,0.38,0.19
2025-06-27 12:31:36,11.5,86.4,77.7,51113795,669934273,0.42,0.37,0.18
2025-06-27 12:31:47,4.0,86.1,77.7,51217999,669976282,0.36,0.35,0.18
2025-06-27 12:31:58,2.9,86.3,77.7,51218811,669977414,0.3,0.34,0.18
2025-06-27 12:32:09,9.6,85.8,77.7,51248129,669992982,0.25,0.33,0.18
2025-06-27 12:32:20,16.9,82.1,77.7,51324103,670091519,0.22,0.32,0.17
2025-06-27 12:32:31,41.4,83.8,77.8,51740903,691107023,0.17,0.3,0.17
2025-06-27 12:32:42,9.1,84.2,77.8,51743839,691110369,0.22,0.31,0.18
2025-06-27 12:32:53,21.0,84.5,77.8,51764315,691155700,0.18,0.3,0.17
2025-06-27 12:33:04,58.4,87.5,77.8,51777595,691181173,0.15,0.29,0.17
2025-06-27 12:33:15,63.4,93.3,77.8,51818239,691211043,0.72,0.41,0.21
2025-06-27 12:33:26,80.2,91.1,77.8,51894589,691345988,3.72,1.09,0.45
2025-06-27 12:33:37,47.4,90.6,77.8,51924632,691383283,3.15,1.05,0.44
2025-06-27 12:33:48,53.6,91.3,77.8,51962872,691404258,2.66,1.02,0.44
2025-06-27 12:33:59,73.1,92.4,77.8,52409233,691601414,2.25,0.99,0.43
2025-06-27 12:34:10,13.2,88.6,77.8,52423096,691611990,1.91,0.95,0.43
2025-06-27 12:34:21,7.6,90.4,77.8,52496255,691653456,1.49,0.91,0.42
2025-06-27 12:34:32,17.5,90.6,77.8,52568839,691781926,1.26,0.88,0.42
2025-06-27 12:34:43,95.2,92.2,77.8,52569828,691782934,1.07,0.85,0.41
2025-06-27 12:34:54,8.2,83.6,77.8,52629245,691827370,1.12,0.87,0.42
2025-06-27 12:35:05,11.0,86.5,77.8,52650097,691866707,0.95,0.84,0.42
2025-06-27 12:35:16,37.3,88.2,77.8,52799002,692112522,0.74,0.8,0.41
2025-06-27 12:35:27,11.0,86.7,77.8,52919331,692708716,0.63,0.77,0.41
2025-06-27 12:35:38,15.8,91.1,77.8,52964866,692774347,0.53,0.75,0.4
2025-06-27 12:35:49,9.6,86.7,77.8,52966300,692775841,0.45,0.72,0.4
2025-06-27 12:36:00,14.0,88.0,77.8,53034010,692921005,0.38,0.7,0.39
2025-06-27 12:36:11,37.9,84.9,77.8,53075065,692951133,0.38,0.68,0.39
2025-06-27 12:36:23,11.7,85.9,77.8,53088672,692974281,0.32,0.66,0.39
2025-06-27 12:36:34,37.5,86.6,77.8,53104189,692989055,0.27,0.64,0.38
2025-06-27 12:36:45,19.9,91.1,77.8,53215359,693102249,0.23,0.62,0.38
2025-06-27 12:36:56,14.4,90.7,77.8,53278832,693175237,0.19,0.6,0.38
2025-06-27 12:37:07,23.2,89.5,77.8,53377487,693248179,0.15,0.57,0.37
2025-06-27 12:37:18,22.4,79.1,77.8,53486631,693408864,0.13,0.55,0.37
2025-06-27 12:37:29,6.7,80.5,77.8,53540622,693461036,0.11,0.53,0.36
2025-06-27 12:37:40,10.2,82.6,77.8,53575965,693495161,0.09,0.51,0.36
2025-06-27 12:37:51,6.9,86.7,77.8,53593945,693504640,0.08,0.5,0.35
2025-06-27 12:38:02,44.2,84.9,77.8,53752107,694005364,0.06,0.47,0.35
2025-06-27 12:38:13,36.4,86.5,77.8,54115168,695036907,0.05,0.46,0.34
2025-06-27 12:38:24,5.6,86.7,77.8,54188300,695116964,0.04,0.44,0.34
2025-06-27 12:38:35,7.6,86.7,77.8,54195413,695121831,0.04,0.43,0.34
2025-06-27 12:38:46,9.5,88.0,77.8,54464818,695245877,0.03,0.41,0.33
2025-06-27 12:38:57,29.5,87.5,77.8,54749482,695750391,0.02,0.39,0.33
2025-06-27 12:39:08,40.2,86.6,77.8,55499377,710448736,0.02,0.38,0.32
2025-06-27 12:39:19,23.9,89.2,77.8,56184203,721726145,0.02,0.37,0.32
2025-06-27 12:39:30,21.8,91.0,77.8,56595400,723641815,0.01,0.36,0.32
2025-06-27 12:39:41,3.9,90.5,77.8,56642522,723720542,0.01,0.34,0.31
2025-06-27 12:39:52,5.0,89.3,77.8,56685212,723753708,0.01,0.33,0.31
2025-06-27 12:40:03,26.6,92.6,77.8,56736224,723808091,0.17,0.35,0.32
2025-06-27 12:40:14,31.1,80.9,77.8,56851761,726609033,0.14,0.34,0.31
2025-06-27 12:40:25,16.5,82.2,77.8,57116378,726943568,0.34,0.38,0.32
2025-06-27 12:40:36,8.4,86.0,77.8,57160372,727018062,0.29,0.36,0.32
2025-06-27 12:40:47,77.9,89.5,77.8,57187166,727090653,2.14,0.74,0.45
2025-06-27 12:40:58,3.9,88.0,77.8,57272203,727187326,1.81,0.72,0.44
2025-06-27 12:41:09,7.3,90.4,77.8,57295323,727212238,1.53,0.69,0.44
2025-06-27 12:41:20,53.5,86.0,77.8,57362068,727299404,1.3,0.67,0.43
2025-06-27 12:41:31,16.7,83.1,77.8,57421484,727402682,1.1,0.65,0.43
2025-06-27 12:41:42,14.8,83.7,77.8,57453204,727425247,0.85,0.62,0.42
2025-06-27 12:41:53,27.7,87.0,77.8,57475149,727620466,0.72,0.6,0.42
2025-06-27 12:42:04,88.4,91.3,77.8,57538614,727647584,0.61,0.58,0.41
2025-06-27 12:42:15,31.2,87.2,77.8,57575574,727677250,0.52,0.56,0.41
2025-06-27 12:42:26,11.4,85.3,77.8,57686700,727831208,0.44,0.54,0.4
2025-06-27 12:42:37,11.6,83.4,77.8,57713935,727853068,0.34,0.51,0.4
2025-06-27 12:42:48,14.4,84.2,77.8,57723574,727859696,0.29,0.5,0.39
2025-06-27 12:42:59,15.5,85.8,77.8,57744435,727880985,0.24,0.48,0.39
2025-06-27 12:43:10,6.3,85.5,77.8,57778349,727914424,0.21,0.47,0.38
2025-06-27 12:43:21,4.4,85.9,77.8,57820017,727932456,0.18,0.45,0.38
2025-06-27 12:43:32,18.8,87.6,77.8,57878012,728050243,0.14,0.43,0.37
2025-06-27 12:43:43,8.9,87.8,77.8,57881434,728055029,0.12,0.41,0.37
2025-06-27 12:43:54,30.3,89.3,77.8,58096264,728149132,0.1,0.4,0.37
2025-06-27 12:44:06,33.0,89.6,77.8,58200674,728276759,0.08,0.39,0.36
2025-06-27 12:44:17,10.4,91.3,77.8,58529382,728617292,0.07,0.38,0.36
2025-06-27 12:44:28,17.3,90.1,77.8,58554809,728636570,0.05,0.36,0.35
2025-06-27 12:44:39,20.4,90.3,77.8,58577747,728663618,0.05,0.35,0.35
2025-06-27 12:44:50,23.6,87.6,77.8,58725499,728797508,0.04,0.33,0.34
2025-06-27 12:45:01,25.9,89.6,77.8,58929909,733848795,0.03,0.32,0.34
2025-06-27 12:45:12,17.2,89.8,77.8,58981106,733959895,0.03,0.31,0.34
2025-06-27 12:45:23,14.5,90.0,77.8,59013505,734032627,0.02,0.3,0.33
2025-06-27 12:45:34,64.4,93.7,77.8,59038337,734128537,0.02,0.29,0.33
2025-06-27 12:45:45,5.6,87.9,77.9,59086765,734173623,0.02,0.28,0.32
2025-06-27 12:45:56,10.1,90.1,77.9,59103068,734189918,0.09,0.29,0.33
2025-06-27 12:46:07,8.1,89.1,77.9,59105247,734192728,0.08,0.28,0.32
2025-06-27 12:46:18,21.2,90.9,77.9,59119463,734208863,0.06,0.26,0.32
2025-06-27 12:46:29,10.1,92.4,77.9,59160503,734252045,0.05,0.25,0.31
2025-06-27 12:46:40,15.0,91.6,77.9,59208391,734294801,0.12,0.26,0.32
2025-06-27 12:46:51,14.6,91.9,77.9,59410438,734458720,0.1,0.25,0.31
2025-06-27 12:47:02,6.2,91.4,77.9,59430178,734518571,0.09,0.25,0.31
2025-06-27 12:47:13,15.7,91.6,77.9,59475326,734610897,0.07,0.23,0.3
2025-06-27 12:47:24,21.7,81.3,77.9,59505210,734703854,0.21,0.26,0.31
2025-06-27 12:47:35,18.0,84.2,77.9,59538617,734778588,0.17,0.25,0.31
2025-06-27 12:47:46,9.5,86.3,77.9,59608495,734905056,0.15,0.24,0.3
2025-06-27 12:47:57,33.3,85.6,77.9,59665446,734933138,0.12,0.23,0.3
2025-06-27 12:48:08,14.9,85.8,77.9,59733916,734993114,0.1,0.22,0.3
2025-06-27 12:48:19,28.2,85.8,77.9,59763186,735016986,0.08,0.21,0.29
2025-06-27 12:48:30,2.7,86.1,77.9,59809157,735113073,0.07,0.21,0.29
2025-06-27 12:48:41,9.5,86.2,77.9,59851661,735144217,0.06,0.2,0.29
2025-06-27 12:48:52,36.1,89.8,77.9,60174756,736750768,0.2,0.23,0.29
2025-06-27 12:49:03,2.5,89.5,77.9,60213070,736783041,0.15,0.22,0.29
2025-06-27 12:49:14,4.4,89.4,77.9,60224882,736795409,0.13,0.21,0.29
2025-06-27 12:49:25,11.5,90.1,77.9,60279539,736885769,0.11,0.2,0.28
2025-06-27 12:49:36,31.3,91.0,77.9,60497212,737025657,0.09,0.2,0.28
2025-06-27 12:49:47,10.1,91.1,77.9,60516264,737065885,0.08,0.19,0.28
2025-06-27 12:49:58,24.2,83.6,77.9,60556258,737159663,0.06,0.18,0.27
2025-06-27 12:50:09,25.0,85.3,77.9,60598053,737230769,0.05,0.17,0.27
2025-06-27 12:50:20,14.0,86.3,77.9,60608377,737244000,0.04,0.17,0.27
2025-06-27 12:50:31,12.7,85.5,77.9,60677645,737366903,0.04,0.16,0.26
2025-06-27 12:50:42,28.1,92.3,77.9,60750598,737422459,0.03,0.16,0.26
2025-06-27 12:50:53,24.6,86.3,77.9,60808247,737464646,0.02,0.15,0.26
2025-06-27 12:51:04,27.9,86.2,77.9,60830731,737480654,0.02,0.14,0.25
2025-06-27 12:51:15,8.7,86.2,77.9,60858651,737502666,0.02,0.14,0.25
2025-06-27 12:51:26,14.6,86.8,77.9,60977036,737643180,0.01,0.14,0.25
2025-06-27 12:51:38,18.8,88.2,77.9,61045040,737701466,0.01,0.13,0.24
2025-06-27 12:51:49,4.5,87.7,77.9,61048461,737705446,0.01,0.12,0.24
2025-06-27 12:52:00,9.7,87.5,77.9,61060173,737715370,0.01,0.12,0.24
2025-06-27 12:52:11,9.9,84.7,77.9,61113436,737778044,0.01,0.12,0.24
2025-06-27 12:52:22,9.8,84.1,77.9,61145445,737810663,0.01,0.11,0.23
2025-06-27 12:52:33,18.9,84.2,77.9,61152033,737813713,0.01,0.11,0.23
2025-06-27 12:52:44,5.6,84.8,77.9,61199791,737837190,0.0,0.1,0.23
2025-06-27 12:52:55,8.1,84.9,77.9,61208786,737849908,0.0,0.1,0.22
2025-06-27 12:53:06,6.8,85.1,77.9,61246968,737883707,0.0,0.1,0.22
2025-06-27 12:53:17,45.6,89.8,77.9,61269119,737920047,0.0,0.09,0.22
2025-06-27 12:53:28,7.2,92.0,77.9,61294881,737967053,0.0,0.09,0.22
2025-06-27 12:53:39,5.7,91.6,77.9,61329496,738002593,0.0,0.09,0.21
2025-06-27 12:53:50,77.8,91.8,77.9,61524979,738112337,0.0,0.08,0.21
2025-06-27 12:54:01,15.6,87.0,77.9,61556507,738182207,0.0,0.08,0.21
2025-06-27 12:54:12,10.7,88.8,77.9,61581936,738248282,0.0,0.08,0.21
2025-06-27 12:54:23,52.6,91.9,77.9,61626648,738342638,0.0,0.07,0.2
2025-06-27 12:54:34,62.5,86.5,77.9,61659382,738365404,1.49,0.38,0.31
2025-06-27 12:54:45,38.3,84.8,77.9,61704959,738407610,1.26,0.37,0.3
2025-06-27 12:54:56,7.4,86.3,77.9,61747999,738465475,1.07,0.36,0.3
2025-06-27 12:55:07,16.4,86.8,77.9,61764586,738480649,0.9,0.35,0.3
2025-06-27 12:55:18,8.5,86.5,77.9,61776630,738492463,0.7,0.33,0.29
2025-06-27 12:55:29,10.5,86.2,77.9,61802086,738539268,0.59,0.32,0.29
2025-06-27 12:55:40,11.2,87.4,77.9,61836841,738572152,0.5,0.31,0.28
2025-06-27 12:55:51,5.4,86.2,77.9,61842762,738579343,0.43,0.3,0.28
2025-06-27 12:56:02,4.9,86.1,77.9,61864532,738603263,0.36,0.29,0.28
2025-06-27 12:56:13,5.3,84.6,77.9,61866932,738606194,0.28,0.28,0.27
2025-06-27 12:56:24,13.0,85.3,77.9,61910714,738700415,0.24,0.27,0.27
2025-06-27 12:56:35,4.9,86.6,77.9,61940005,738728853,0.2,0.26,0.27
2025-06-27 12:56:46,20.0,88.4,77.9,62185304,738877829,0.17,0.25,0.26
2025-06-27 12:56:57,20.2,88.5,77.9,62217730,738915536,0.14,0.24,0.26
2025-06-27 12:57:08,13.4,88.4,77.9,62258442,738989013,0.11,0.23,0.26
2025-06-27 12:57:19,18.5,85.0,77.9,62281391,739049235,0.1,0.22,0.25
2025-06-27 12:57:30,18.9,84.6,77.9,62366768,739203829,0.08,0.21,0.25
2025-06-27 12:57:41,8.2,85.3,77.9,62407197,739237678,0.07,0.21,0.25
2025-06-27 12:57:52,14.2,86.0,77.9,62411704,739243235,0.06,0.2,0.25
2025-06-27 12:58:03,13.7,86.0,77.9,62418525,739247029,0.04,0.19,0.24
2025-06-27 12:58:14,19.8,86.1,77.9,62495469,739331103,0.04,0.18,0.24
2025-06-27 12:58:25,10.8,85.3,77.9,62591396,739485116,0.03,0.18,0.24
2025-06-27 12:58:36,36.2,90.6,77.8,62644657,739529675,0.03,0.17,0.23
2025-06-27 12:58:47,14.3,91.1,77.8,62760765,739636058,0.02,0.17,0.23
2025-06-27 12:58:58,10.6,92.5,77.8,62870141,739725342,0.02,0.16,0.23
2025-06-27 12:59:09,4.1,92.3,77.8,62891824,739746194,0.02,0.15,0.22
2025-06-27 12:59:21,11.1,92.4,77.8,63258446,739790535,0.01,0.15,0.22
2025-06-27 12:59:32,7.6,86.0,77.8,63332948,739915113,0.01,0.14,0.22
2025-06-27 12:59:43,8.3,86.4,77.8,63337877,739920860,0.01,0.14,0.22
2025-06-27 12:59:54,11.8,86.9,77.8,63372086,739951668,0.01,0.13,0.21
2025-06-27 13:00:05,44.4,88.2,77.8,63491502,740125106,0.01,0.13,0.21
2025-06-27 13:00:16,8.3,91.2,77.8,63503589,740137894,0.01,0.12,0.21
2025-06-27 13:00:27,23.3,91.5,77.8,63514310,740151593,0.0,0.12,0.21
2025-06-27 13:00:38,28.3,89.5,77.8,63561992,740193987,0.0,0.12,0.2
2025-06-27 13:00:49,4.5,87.3,77.8,63563104,740195293,0.0,0.11,0.2
2025-06-27 13:01:00,26.6,87.5,77.8,63570189,740215516,0.15,0.14,0.21
2025-06-27 13:01:11,31.8,87.8,77.8,63580691,740216936,0.13,0.13,0.21
2025-06-27 13:01:22,59.9,90.0,77.9,63589602,740229045,0.11,0.13,0.21
2025-06-27 13:01:33,10.1,83.3,77.9,63616145,740277939,0.16,0.14,0.21
2025-06-27 13:01:44,18.2,89.3,77.9,63668532,740314411,0.13,0.14,0.21
2025-06-27 13:01:55,12.4,90.7,77.9,63698356,740343974,0.11,0.13,0.2
2025-06-27 13:02:06,8.2,90.9,77.9,63710777,740357865,0.09,0.13,0.2
2025-06-27 13:02:17,8.9,91.1,77.9,63715546,740362402,0.08,0.12,0.2
2025-06-27 13:02:28,19.1,82.5,77.9,63727896,740375784,0.07,0.12,0.2
2025-06-27 13:02:39,15.6,83.1,77.9,63761221,740393021,0.05,0.11,0.19
2025-06-27 13:02:50,23.2,83.4,77.9,63772870,740406440,0.04,0.11,0.19
2025-06-27 13:03:01,22.6,83.4,77.9,64060022,740566207,0.12,0.12,0.19
2025-06-27 13:03:12,12.2,84.9,77.9,64157948,740702627,0.1,0.12,0.19
2025-06-27 13:03:23,22.4,83.3,77.9,64196480,740842397,0.3,0.16,0.21
2025-06-27 13:03:34,22.5,89.9,77.9,64254853,740953448,0.24,0.15,0.2
2025-06-27 13:03:45,6.4,87.1,77.9,64307011,740996456,0.2,0.15,0.2
2025-06-27 13:03:56,28.2,88.2,77.9,64364198,741050904,0.17,0.14,0.2
2025-06-27 13:04:07,12.3,88.8,77.9,64369848,741056713,0.14,0.14,0.2
2025-06-27 13:04:18,3.7,88.0,77.8,64390892,741071488,0.12,0.14,0.19
2025-06-27 13:04:29,9.5,89.1,77.8,64448372,741191926,0.09,0.13,0.19
2025-06-27 13:04:40,5.3,88.0,77.8,64474120,741219284,0.08,0.12,0.19
2025-06-27 13:04:51,6.8,87.1,77.8,64484603,741232544,0.07,0.12,0.19
2025-06-27 13:05:02,62.9,86.8,77.8,64487385,741246001,0.45,0.2,0.21
2025-06-27 13:05:13,30.8,87.0,77.8,64507099,741255378,0.38,0.19,0.21
2025-06-27 13:05:24,44.0,93.2,77.8,64593257,741359119,0.36,0.2,0.21
2025-06-27 13:05:35,5.0,87.7,77.8,64606088,741398805,0.31,0.19,0.21
2025-06-27 13:05:46,10.2,88.8,77.8,64627649,741422480,0.26,0.19,0.21
2025-06-27 13:05:57,16.8,88.0,77.8,64628260,741423092,0.22,0.18,0.21
2025-06-27 13:06:08,45.9,88.0,77.8,64665493,741489447,0.19,0.17,0.2
2025-06-27 13:06:19,10.4,88.7,77.8,64696635,741514083,0.15,0.17,0.2
2025-06-27 13:06:30,16.1,89.3,77.8,64771017,741635499,0.12,0.16,0.2
2025-06-27 13:06:41,9.4,91.0,77.8,64819558,741672532,0.1,0.16,0.2
2025-06-27 13:06:53,10.2,91.9,77.8,64824235,741678354,0.09,0.15,0.19
2025-06-27 13:07:04,14.1,86.2,77.8,64854413,741720320,0.07,0.15,0.19
2025-06-27 13:07:15,4.5,88.0,77.8,64891543,741748338,0.06,0.14,0.19
2025-06-27 13:07:26,65.7,84.9,77.8,64956678,741864657,0.05,0.13,0.19
2025-06-27 13:07:37,29.2,87.5,77.8,64990889,741916047,0.04,0.13,0.18
2025-06-27 13:07:48,27.2,89.8,77.8,65036959,742032150,0.04,0.12,0.18
2025-06-27 13:07:59,17.2,86.9,77.8,65047103,742039938,0.03,0.12,0.18
2025-06-27 13:08:10,14.4,87.9,77.8,65081754,742069509,0.02,0.11,0.18
2025-06-27 13:08:21,15.9,88.0,77.8,65099564,742086150,0.18,0.14,0.19
2025-06-27 13:08:32,9.2,88.2,77.8,65108895,742098834,0.15,0.14,0.18
2025-06-27 13:08:43,13.0,89.4,77.8,65113038,742102729,0.13,0.13,0.18
2025-06-27 13:08:54,64.6,90.3,77.8,65136500,742128989,0.11,0.13,0.18
2025-06-27 13:09:05,4.1,90.9,77.8,65146231,742151597,0.96,0.33,0.25
2025-06-27 13:09:16,3.1,89.0,77.8,65158447,742155282,0.82,0.32,0.25
2025-06-27 13:09:27,17.1,89.9,77.8,65182523,742201583,0.69,0.31,0.24
2025-06-27 13:09:38,76.0,88.8,77.8,65295050,742304018,1.38,0.47,0.3
2025-06-27 13:09:49,9.7,87.2,77.8,65335372,742342016,1.17,0.45,0.29
2025-06-27 13:10:00,10.5,86.6,77.8,65347423,742357932,0.91,0.43,0.29
2025-06-27 13:10:11,14.2,85.6,77.9,65356045,742365893,0.77,0.41,0.28
2025-06-27 13:10:22,22.5,86.4,77.9,65363849,742376626,0.73,0.42,0.29
2025-06-27 13:10:33,20.4,89.1,77.9,65378151,742393479,0.62,0.4,0.28
2025-06-27 13:10:44,15.9,88.7,77.9,65392393,742406994,0.53,0.39,0.28
2025-06-27 13:10:55,7.7,88.2,77.9,65401635,742412555,0.41,0.37,0.28
2025-06-27 13:11:06,16.2,88.0,77.9,65403033,742423973,0.35,0.36,0.27
2025-06-27 13:11:17,36.9,87.7,77.9,65414464,742426864,0.29,0.35,0.27
2025-06-27 13:11:28,20.8,90.7,77.9,65467932,742498978,0.25,0.34,0.27
2025-06-27 13:11:39,35.6,91.3,77.9,65510848,742524078,0.21,0.32,0.26
2025-06-27 13:11:50,38.7,92.8,77.9,68372199,743523576,0.16,0.31,0.26
2025-06-27 13:12:01,26.2,84.7,77.9,69931744,743876501,0.14,0.3,0.26
2025-06-27 13:12:12,37.1,85.1,77.9,70034894,743896867,0.12,0.29,0.25
2025-06-27 13:12:23,33.8,78.1,77.9,70111727,743933601,0.1,0.28,0.25
2025-06-27 13:12:34,5.6,77.0,77.9,70187496,744060301,0.08,0.27,0.25
2025-06-27 13:12:45,18.6,82.7,77.9,70210570,744077105,0.07,0.26,0.24
2025-06-27 13:12:56,42.7,92.2,77.9,70240307,744111171,0.06,0.25,0.24
2025-06-27 13:13:07,24.9,85.4,77.9,70242137,744123095,0.19,0.27,0.25
2025-06-27 13:13:18,9.3,85.7,77.9,70281396,744145553,0.16,0.26,0.25
2025-06-27 13:13:29,7.6,89.0,77.9,70336564,744244824,0.14,0.26,0.24
2025-06-27 13:13:40,29.7,91.9,77.9,70408724,744469144,0.11,0.24,0.24
2025-06-27 13:13:51,40.0,93.7,77.9,70735828,744675237,0.09,0.24,0.24
2025-06-27 13:14:03,67.5,91.4,77.9,70855248,744779422,0.08,0.23,0.23
2025-06-27 13:14:14,60.6,93.0,77.9,71004999,745081774,0.07,0.22,0.23
2025-06-27 13:14:25,22.2,91.5,77.9,71310662,746284689,0.13,0.23,0.23
2025-06-27 13:14:36,27.0,92.4,77.9,71377026,746398315,0.1,0.22,0.23
2025-06-27 13:14:47,8.0,90.0,77.9,71397658,746444037,0.09,0.21,0.23
2025-06-27 13:14:58,26.5,89.6,77.9,71424972,746513947,0.07,0.2,0.23
2025-06-27 13:15:09,22.9,92.8,77.9,71692390,746737634,0.06,0.2,0.22
2025-06-27 13:15:20,7.8,84.0,77.9,71752221,746784723,0.05,0.19,0.22
2025-06-27 13:15:31,70.5,93.0,77.9,72401108,754458318,0.04,0.18,0.22
2025-06-27 13:15:42,13.8,91.8,77.9,73407328,771873058,0.03,0.18,0.22
2025-06-27 13:15:53,16.2,86.0,77.9,73774119,787570241,0.03,0.17,0.21
2025-06-27 13:16:04,12.6,86.9,77.9,73867481,787630963,0.1,0.18,0.22
2025-06-27 13:16:15,29.1,89.1,77.9,73905713,787672154,0.08,0.17,0.21
2025-06-27 13:16:26,77.9,93.2,77.9,73967587,787735529,0.06,0.17,0.21
2025-06-27 13:16:37,30.6,85.7,77.9,74137247,787847610,0.05,0.16,0.21
2025-06-27 13:16:48,21.3,86.5,77.9,74152972,787867381,0.05,0.16,0.21
2025-06-27 13:16:59,19.5,87.7,77.9,74156609,787871753,0.04,0.15,0.2
2025-06-27 13:17:10,7.6,86.5,77.9,74164419,787894229,0.03,0.15,0.2
2025-06-27 13:17:21,39.1,83.9,77.9,74176485,787897766,0.03,0.14,0.2
2025-06-27 13:17:32,3.9,82.0,77.9,74197625,787942054,0.02,0.13,0.2
2025-06-27 13:17:43,9.6,85.2,77.9,74278605,788015519,0.02,0.13,0.19
2025-06-27 13:17:54,3.3,86.3,77.9,74295460,788030357,0.02,0.13,0.19
2025-06-27 13:18:05,4.3,86.1,77.9,74319306,788049660,0.01,0.12,0.19
2025-06-27 13:18:16,0.2,82.8,77.9,74335917,788064600,0.01,0.12,0.19
2025-06-27 13:18:27,7.6,84.3,77.9,74345930,788078779,0.01,0.11,0.18
2025-06-27 13:18:38,21.8,85.0,77.9,74360225,788095771,0.01,0.11,0.18
2025-06-27 13:18:49,11.6,86.3,77.9,74363316,788098919,0.01,0.1,0.18
2025-06-27 13:19:00,10.6,85.8,77.9,74374550,788123823,0.01,0.1,0.18
2025-06-27 13:19:11,85.7,88.2,77.9,74391398,788139335,0.0,0.1,0.17
2025-06-27 13:19:22,6.2,88.2,77.9,74407566,788153075,0.0,0.09,0.17
2025-06-27 13:19:33,0.8,88.1,77.9,74421994,788185327,0.0,0.09,0.17
2025-06-27 13:19:44,2.9,90.2,77.9,74519650,788277020,0.0,0.09,0.17
2025-06-27 13:19:55,1.4,89.4,77.9,74533315,788295008,0.0,0.08,0.17
2025-06-27 13:20:06,16.0,88.9,77.9,74539548,788302015,0.0,0.08,0.16
2025-06-27 13:20:17,1.4,89.4,77.9,74541973,788303399,0.0,0.08,0.16
2025-06-27 13:20:28,6.3,80.7,77.9,74578719,788392564,0.0,0.07,0.16
2025-06-27 13:20:39,11.4,82.8,77.9,74618344,788432331,0.0,0.07,0.16
2025-06-27 13:20:50,17.6,85.0,77.9,74627001,788438422,0.0,0.07,0.16
2025-06-27 13:21:01,10.9,83.3,77.9,74628771,788451000,0.0,0.07,0.15
2025-06-27 13:21:13,17.0,88.3,77.9,74831301,788531164,0.07,0.08,0.16
2025-06-27 13:21:24,76.6,91.7,77.9,75445644,790617941,0.06,0.08,0.16
2025-06-27 13:21:35,49.3,88.4,77.9,75717285,792833750,0.05,0.08,0.15
2025-06-27 13:21:46,4.3,91.6,77.9,75892447,798819693,0.04,0.07,0.15
2025-06-27 13:21:57,6.6,91.7,77.9,75926666,800893253,0.04,0.07,0.15
2025-06-27 13:22:08,42.7,89.0,77.9,75960528,801936128,0.03,0.07,0.15
2025-06-27 13:22:19,2.3,84.3,77.9,75973643,801946932,0.03,0.06,0.15
2025-06-27 13:22:30,18.8,90.9,77.9,76082025,802122843,0.5,0.16,0.18
2025-06-27 13:22:41,18.1,88.5,77.9,76131624,802165248,0.39,0.15,0.18
2025-06-27 13:22:52,21.3,88.5,77.9,76156055,802191941,0.33,0.15,0.17
2025-06-27 13:23:03,19.6,87.7,77.9,76156611,802202525,0.28,0.14,0.17
2025-06-27 13:23:14,19.9,87.7,77.9,76178687,802216573,0.24,0.14,0.17
2025-06-27 13:23:25,27.6,87.8,77.9,76299375,802315569,0.2,0.13,0.17
2025-06-27 13:23:36,23.4,86.1,77.9,76384533,802440484,0.16,0.13,0.17
2025-06-27 13:23:47,22.0,88.5,77.9,76606456,802560437,0.13,0.12,0.16
2025-06-27 13:23:58,33.3,86.6,77.9,76693016,802601509,0.11,0.12,0.16
2025-06-27 13:24:09,7.5,87.6,77.9,76702719,802615892,0.09,0.12,0.16
2025-06-27 13:24:20,11.7,89.6,77.9,76745603,802651886,0.08,0.11,0.16
2025-06-27 13:24:31,6.9,90.0,77.9,76786236,802684665,0.06,0.11,0.16
2025-06-27 13:24:42,6.0,91.4,77.9,76841055,802744126,0.05,0.1,0.15
2025-06-27 13:24:53,9.1,91.5,77.9,76866427,802778302,0.04,0.1,0.15
2025-06-27 13:25:04,8.6,90.7,77.9,76867767,802789738,0.04,0.1,0.15
2025-06-27 13:25:15,95.2,95.9,77.9,77000498,802914860,0.03,0.09,0.15
2025-06-27 13:25:26,81.4,90.6,77.9,77226927,803231400,8.3,1.88,0.75
2025-06-27 13:25:37,63.5,89.9,77.9,77268366,803274428,7.02,1.82,0.75
2025-06-27 13:25:48,17.7,84.3,77.9,77309501,803324877,5.95,1.76,0.74
2025-06-27 13:25:59,22.3,86.7,77.9,77321234,803350800,5.03,1.71,0.73
2025-06-27 13:26:10,18.3,82.9,77.9,77332620,803375719,4.26,1.65,0.72
2025-06-27 13:26:21,10.5,83.2,77.9,77400564,803413617,3.32,1.57,0.71
2025-06-27 13:26:32,17.1,85.4,77.9,77419581,803426101,2.81,1.52,0.7
2025-06-27 13:26:43,15.4,85.6,77.9,77432861,803441210,2.38,1.47,0.69
2025-06-27 13:26:54,17.1,87.7,77.9,77481230,803476335,2.01,1.42,0.69
2025-06-27 13:27:05,69.1,93.9,77.9,77575818,803547231,1.7,1.37,0.68
2025-06-27 13:27:16,5.4,87.3,77.9,77892290,803632899,1.33,1.31,0.67
2025-06-27 13:27:27,25.6,88.3,77.9,77952942,803705535,1.12,1.26,0.66
2025-06-27 13:27:38,16.1,85.0,77.9,77988750,803739366,0.95,1.22,0.65
2025-06-27 13:27:49,22.5,84.8,77.9,77991678,803741907,0.8,1.18,0.64
2025-06-27 13:28:01,7.6,84.6,77.9,77995273,803746460,0.68,1.14,0.64
2025-06-27 13:28:12,7.7,86.7,77.9,78013748,803764449,0.53,1.09,0.63
2025-06-27 13:28:23,35.5,88.3,77.9,78039456,803791405,0.45,1.05,0.62
2025-06-27 13:28:34,8.0,87.7,77.9,78090534,803889368,0.6,1.07,0.63
2025-06-27 13:28:45,3.1,89.3,77.9,78093547,803892985,0.51,1.03,0.62
2025-06-27 13:28:56,4.1,90.3,77.9,78094562,803895492,0.43,1.0,0.62
2025-06-27 13:29:07,7.0,90.5,77.9,78116673,803933104,0.34,0.95,0.61
2025-06-27 13:29:18,2.9,90.8,77.9,78461086,803968783,0.28,0.92,0.6
2025-06-27 13:29:29,2.0,92.0,77.9,78528139,804079550,0.24,0.89,0.59
2025-06-27 13:29:40,7.1,87.7,77.9,78553586,804106682,0.2,0.86,0.59
2025-06-27 13:29:51,14.5,85.3,77.9,78556630,804109929,0.17,0.83,0.58
2025-06-27 13:30:02,27.7,86.1,77.9,78657541,804175929,0.13,0.79,0.57
2025-06-27 13:30:13,7.9,86.6,77.9,78668392,804186355,0.11,0.76,0.56
2025-06-27 13:30:24,1.8,86.6,77.9,78671007,804189381,0.1,0.74,0.56
2025-06-27 13:30:35,28.7,87.5,77.9,78745059,804338354,0.08,0.71,0.55
2025-06-27 13:30:46,6.6,89.0,77.9,78783547,804368105,0.07,0.69,0.55
2025-06-27 13:30:57,29.8,94.2,77.9,78784887,804369461,0.05,0.66,0.54
2025-06-27 13:31:08,18.4,84.5,77.9,78814174,804410266,0.05,0.64,0.53
2025-06-27 13:31:19,3.1,81.6,77.9,78833299,804420696,0.04,0.61,0.52
2025-06-27 13:31:30,45.0,93.4,77.9,78905505,804550982,0.75,0.74,0.57
2025-06-27 13:31:41,42.3,89.7,77.9,78952947,804597039,0.64,0.72,0.56
2025-06-27 13:31:52,40.2,90.2,77.9,79140943,807228714,0.5,0.68,0.55
2025-06-27 13:32:03,23.4,84.4,77.9,79479234,824632147,0.71,0.73,0.57
2025-06-27 13:32:14,32.4,87.1,77.9,79537857,824802044,0.6,0.7,0.56
2025-06-27 13:32:25,39.3,84.7,77.9,79557044,824824130,0.51,0.68,0.56
2025-06-27 13:32:36,23.1,78.5,77.9,79583143,824860157,0.43,0.66,0.55
2025-06-27 13:32:47,16.0,80.4,77.9,79612745,824871369,0.34,0.63,0.54
2025-06-27 13:32:58,15.5,82.2,77.9,79615381,824874155,0.29,0.6,0.54
2025-06-27 13:33:09,13.4,83.7,77.9,79627654,824906110,0.24,0.59,0.53
2025-06-27 13:33:20,12.8,82.1,77.9,79630333,824908968,0.2,0.57,0.52
2025-06-27 13:33:31,6.5,82.5,77.9,79647494,824945518,0.17,0.55,0.52
2025-06-27 13:33:42,7.1,84.0,77.9,79687877,824987126,0.13,0.52,0.51
2025-06-27 13:33:53,15.9,84.1,77.9,79710596,825011297,0.11,0.5,0.5
2025-06-27 13:34:04,9.0,81.0,77.9,79853262,828824557,0.1,0.49,0.5
2025-06-27 13:34:15,12.3,84.5,77.9,79871987,828844167,0.08,0.47,0.49
2025-06-27 13:34:26,90.2,89.3,77.9,79887918,828863097,0.07,0.46,0.49
2025-06-27 13:34:37,33.2,83.1,77.9,79928549,828880769,1.02,0.65,0.55
2025-06-27 13:34:48,8.3,83.7,77.9,79930744,828883549,0.86,0.62,0.54
2025-06-27 13:34:59,10.6,83.0,77.9,79951075,828906740,0.81,0.62,0.54
2025-06-27 13:35:10,21.6,83.3,77.9,79975365,828949598,0.69,0.6,0.54
2025-06-27 13:35:21,10.5,83.1,77.9,79977111,828950318,0.58,0.58,0.53
2025-06-27 13:35:33,6.5,82.2,77.9,79987387,828984367,0.45,0.55,0.52
2025-06-27 13:35:44,7.4,83.0,77.9,80027494,829014759,0.38,0.53,0.52
2025-06-27 13:35:55,10.1,83.3,77.9,80032757,829020489,0.32,0.52,0.51
2025-06-27 13:36:06,5.2,83.2,77.9,80042419,829021162,0.27,0.5,0.51
2025-06-27 13:36:17,6.7,83.5,77.9,80045691,829025077,0.23,0.48,0.5
2025-06-27 13:36:28,9.7,83.6,77.9,80099817,829139947,0.18,0.46,0.49
2025-06-27 13:36:39,79.2,94.5,77.9,80168435,829209179,0.15,0.44,0.49
2025-06-27 13:36:50,20.4,82.9,77.9,80171251,829212629,0.13,0.43,0.48
2025-06-27 13:37:01,13.2,83.5,77.9,80172591,829224053,0.11,0.42,0.48
2025-06-27 13:37:12,8.5,84.8,77.9,80183391,829235247,0.09,0.4,0.47
2025-06-27 13:37:23,14.6,85.1,77.9,80196894,829248793,0.07,0.38,0.46
2025-06-27 13:37:34,14.0,85.2,77.9,80255117,829353107,0.5,0.47,0.49
2025-06-27 13:37:45,5.8,85.0,77.9,80303084,829401915,0.57,0.48,0.5
2025-06-27 13:37:56,11.1,86.7,77.9,80308856,829408717,0.48,0.47,0.49
2025-06-27 13:38:07,5.4,85.5,77.9,80319554,829410423,0.41,0.45,0.49
2025-06-27 13:38:18,4.7,86.1,77.9,80354788,829438620,0.32,0.43,0.48
2025-06-27 13:38:29,5.4,86.6,77.9,80410531,829543743,0.27,0.42,0.47
2025-06-27 13:38:40,4.9,87.0,77.9,80428008,829560063,0.23,0.4,0.47
2025-06-27 13:38:51,16.5,87.2,77.9,80430200,829562931,0.19,0.39,0.46
2025-06-27 13:39:02,22.5,88.4,77.9,80439660,829585047,0.16,0.38,0.46
2025-06-27 13:39:13,15.4,88.3,77.9,80478771,829623157,0.13,0.36,0.45
2025-06-27 13:39:24,19.6,88.1,77.9,80480862,829625513,0.11,0.35,0.44
2025-06-27 13:39:35,14.0,88.2,77.9,80528126,829728328,0.09,0.34,0.44
2025-06-27 13:39:46,13.7,88.6,77.9,80576535,829761151,0.08,0.32,0.43
2025-06-27 13:39:57,6.3,88.8,77.9,80613044,829798996,0.07,0.31,0.43
2025-06-27 13:40:08,10.0,88.7,77.9,80627134,829804486,0.05,0.3,0.42
2025-06-27 13:40:19,6.7,89.0,77.9,80659864,829837669,0.04,0.29,0.42
2025-06-27 13:40:30,27.1,91.5,77.9,80682611,829872693,0.12,0.3,0.42
2025-06-27 13:40:41,18.0,84.7,77.9,80701430,829887255,0.1,0.29,0.41
2025-06-27 13:40:52,4.2,84.9,77.9,80703514,829889961,0.08,0.28,0.41
2025-06-27 13:41:03,14.5,84.5,77.9,80717126,829913529,0.07,0.26,0.4
2025-06-27 13:41:14,26.5,85.2,77.9,80781631,829992783,0.06,0.25,0.4
2025-06-27 13:41:25,23.9,85.3,77.9,80782426,829993572,0.05,0.25,0.39
2025-06-27 13:41:36,16.3,85.4,77.9,80819665,830052290,0.04,0.24,0.39
2025-06-27 13:41:47,18.1,87.7,77.9,80828301,830059940,0.03,0.23,0.39
2025-06-27 13:41:58,26.6,88.1,77.9,80830604,830062710,0.03,0.22,0.38
2025-06-27 13:42:09,54.2,93.9,77.9,80841247,830064418,0.02,0.21,0.37
2025-06-27 13:42:20,4.7,86.6,77.9,80844206,830067945,0.09,0.22,0.38
2025-06-27 13:42:31,2.7,85.1,77.9,80844859,830068603,0.08,0.21,0.37
2025-06-27 13:42:42,2.0,87.2,77.9,80951349,830163125,0.07,0.21,0.37
2025-06-27 13:42:53,2.2,86.6,77.9,80957980,830166821,0.05,0.2,0.36
2025-06-27 13:43:04,0.6,88.3,77.9,80960263,830179698,0.04,0.19,0.36
2025-06-27 13:43:15,92.7,95.5,77.9,80972351,830194660,0.04,0.18,0.35
2025-06-27 13:43:27,20.8,88.6,77.9,81059748,830314385,1.21,0.44,0.44
2025-06-27 13:43:38,38.3,90.4,77.9,81171755,830404268,1.02,0.42,0.43
2025-06-27 13:43:49,19.3,92.2,77.9,81205981,830448384,0.8,0.4,0.43
2025-06-27 13:44:00,19.0,90.8,77.9,81285929,830589053,0.67,0.39,0.42
2025-06-27 13:44:11,67.3,87.8,77.9,81399682,830796284,1.21,0.51,0.46
2025-06-27 13:44:22,26.5,84.8,77.9,81482210,830909594,1.02,0.49,0.46
2025-06-27 13:44:33,7.1,86.3,77.9,81570177,831064181,0.8,0.47,0.45
2025-06-27 13:44:44,7.2,86.5,77.9,81605340,831114788,0.75,0.47,0.45
2025-06-27 13:44:55,16.3,87.5,77.9,81618178,831137351,0.63,0.45,0.44
2025-06-27 13:45:06,1.2,82.8,77.9,81621191,831151018,0.54,0.44,0.44
2025-06-27 13:45:17,1.4,83.9,77.9,81642376,831187795,0.45,0.43,0.43
2025-06-27 13:45:28,4.3,88.7,77.9,81749135,831365629,0.35,0.4,0.43
2025-06-27 13:45:39,16.0,88.7,77.9,81789580,831417563,0.3,0.39,0.42
2025-06-27 13:45:50,10.4,90.0,77.9,82704958,831532739,0.25,0.38,0.42
2025-06-27 13:46:01,5.8,89.5,77.9,82738717,831554345,0.29,0.38,0.42
2025-06-27 13:46:12,18.9,91.3,77.9,82788879,831581576,0.25,0.37,0.41
2025-06-27 13:46:23,55.0,88.7,77.9,82915180,831881251,0.51,0.42,0.43
2025-06-27 13:46:34,18.0,86.4,77.9,83999702,832358725,0.44,0.4,0.42
2025-06-27 13:46:45,32.5,87.1,77.9,84815193,832726316,0.37,0.39,0.42
2025-06-27 13:46:56,95.9,86.9,77.9,86373164,864467571,0.55,0.43,0.43
2025-06-28 17:17:23,48.0,90.2,78.3,199950054,3040623170,0.0,0.0,0.0
2025-06-28 17:17:34,96.7,94.4,78.3,200018008,3040696158,0.24,0.05,0.02
2025-06-28 17:17:45,26.9,81.8,78.3,200058265,3040780161,0.2,0.05,0.02
2025-06-28 17:17:56,75.2,85.0,78.3,200277972,3048515215,0.17,0.05,0.02
2025-06-28 17:18:07,14.5,86.0,78.3,200332929,3048603774,0.15,0.04,0.02
2025-06-28 17:18:18,16.9,84.1,78.3,200344937,3048627940,0.11,0.04,0.02
2025-06-28 17:18:29,21.6,85.5,78.3,200369745,3048658159,0.1,0.04,0.02
2025-06-28 17:18:40,16.5,86.9,78.3,200449480,3048777885,0.08,0.04,0.02
2025-06-28 17:18:51,19.1,86.5,78.3,200465150,3048788416,0.07,0.04,0.02
2025-06-28 17:19:02,31.7,86.6,78.3,200468044,3048800265,0.14,0.05,0.02
2025-06-28 17:19:13,45.3,84.7,78.3,200518796,3048873489,0.11,0.05,0.02
2025-06-28 17:19:24,23.5,85.1,78.3,200528471,3048882992,0.09,0.05,0.02
2025-06-28 17:19:35,27.1,87.2,78.3,200660486,3049106817,0.08,0.05,0.02
2025-06-28 17:19:46,3.7,85.2,78.3,200676321,3049115935,0.07,0.05,0.02
2025-06-28 17:19:57,5.8,86.3,78.3,200678766,3049118960,0.06,0.04,0.02
2025-06-28 17:20:08,10.2,85.9,78.3,200717654,3049185055,0.04,0.04,0.02
2025-06-28 17:20:19,4.7,86.0,78.3,200729831,3049200429,0.04,0.04,0.02
2025-06-28 17:20:30,17.1,86.5,78.3,200746526,3049212846,0.03,0.04,0.02
2025-06-28 17:20:41,6.4,85.6,78.3,200806470,3049317770,0.17,0.07,0.03
2025-06-28 17:20:52,15.4,86.4,78.3,200807644,3049319542,0.15,0.07,0.03
2025-06-28 17:21:03,13.2,86.3,78.3,200845435,3049368508,0.11,0.07,0.03
2025-06-28 17:21:14,5.4,87.0,78.3,200862395,3049392168,0.1,0.06,0.03
2025-06-28 17:21:25,11.3,87.1,78.3,200866555,3049397215,0.08,0.06,0.03
2025-06-28 17:21:36,60.6,91.6,78.3,200914800,3049467198,0.07,0.06,0.03
2025-06-28 17:21:47,4.3,88.9,78.3,200917353,3049470275,0.57,0.17,0.07
2025-06-28 17:21:58,18.1,88.8,78.3,200973644,3049980917,0.53,0.18,0.07
2025-06-28 17:22:09,3.1,85.6,78.3,200976582,3049984643,0.45,0.17,0.07
2025-06-28 17:22:20,4.5,84.6,78.3,200977354,3049985305,0.38,0.17,0.07
2025-06-28 17:22:31,11.6,84.9,78.3,201026638,3050036823,0.32,0.16,0.07
2025-06-28 17:22:42,7.0,85.4,78.3,201072138,3050063198,0.35,0.17,0.07
2025-06-28 17:22:53,9.9,82.8,78.3,201097318,3050111899,0.27,0.16,0.07
2025-06-28 17:23:04,6.8,84.5,78.3,201165772,3050197003,0.23,0.16,0.07
2025-06-28 17:23:15,7.0,84.7,78.3,201168139,3050199394,0.2,0.15,0.07
2025-06-28 17:23:26,6.6,85.2,78.3,201170175,3050201808,0.17,0.15,0.07
2025-06-28 17:23:38,38.4,88.5,78.3,201193760,3050245355,0.14,0.14,0.07
2025-06-28 17:23:49,14.6,89.2,78.3,201215834,3050258424,0.11,0.14,0.07
2025-06-28 17:24:00,11.0,89.6,78.3,201216911,3050259423,0.09,0.13,0.07
2025-06-28 17:24:11,6.8,90.7,78.3,201235969,3050283997,0.08,0.13,0.07
2025-06-28 17:24:22,17.5,92.1,78.3,201236988,3050284803,0.07,0.12,0.07
2025-06-28 17:24:33,16.7,89.9,78.3,201384988,3050504394,0.13,0.14,0.07
2025-06-28 17:24:44,6.6,90.5,78.3,201504848,3050600695,0.1,0.13,0.07
2025-06-28 17:24:55,12.8,91.4,78.3,201524775,3050609349,0.09,0.13,0.07
2025-06-28 17:25:06,32.8,85.7,78.3,201667157,3050775467,0.07,0.12,0.07
2025-06-28 17:25:17,2.5,84.9,78.3,201889635,3050884823,0.06,0.12,0.07
2025-06-28 17:25:28,7.8,85.0,78.3,201938766,3050923015,0.05,0.11,0.07
2025-06-28 17:25:39,9.3,83.7,78.3,202075978,3051079921,0.56,0.22,0.1
2025-06-28 17:25:50,6.0,83.6,78.3,202089379,3051086982,0.47,0.21,0.1
2025-06-28 17:26:01,17.6,83.6,78.3,202091899,3051089473,0.91,0.32,0.14
2025-06-28 17:26:12,17.4,82.7,78.3,202111378,3051107961,0.77,0.31,0.14
2025-06-28 17:26:23,19.1,82.6,78.3,202131697,3051130408,0.65,0.3,0.14
2025-06-28 17:26:34,7.0,83.8,78.3,202202475,3051275122,0.59,0.3,0.14
2025-06-28 17:26:45,9.4,83.8,78.3,202209149,3051275986,0.5,0.29,0.14
2025-06-28 17:26:56,4.5,83.6,78.3,202211961,3051279399,0.42,0.28,0.14
2025-06-28 17:27:07,21.2,83.6,78.3,202212842,3051290315,0.36,0.27,0.14
2025-06-28 17:27:18,5.2,84.7,78.3,202221979,3051302699,0.38,0.28,0.14
2025-06-28 17:27:29,7.4,84.8,78.3,202231632,3051312169,0.3,0.27,0.14
2025-06-28 17:27:40,10.1,85.3,78.3,202363215,3051457582,0.25,0.26,0.14
2025-06-28 17:27:51,15.6,85.4,78.3,202380697,3051496968,0.21,0.25,0.13
2025-06-28 17:28:02,11.4,85.7,78.3,202424281,3051538420,0.18,0.24,0.13
2025-06-28 17:28:13,13.0,86.3,78.3,202452284,3051572703,0.15,0.23,0.13
2025-06-28 17:28:24,25.8,86.4,78.3,202471973,3051605976,0.12,0.22,0.13
2025-06-28 17:28:35,13.1,83.4,78.3,202512270,3051662848,0.1,0.22,0.13
2025-06-28 17:28:46,11.8,84.1,78.3,202540739,3051689788,0.09,0.21,0.13
2025-06-28 17:28:57,8.8,84.9,78.3,202585576,3051705528,0.07,0.2,0.12
2025-06-28 17:29:08,18.9,86.5,78.3,202681724,3051889866,0.06,0.19,0.12
2025-06-28 17:29:19,41.2,89.0,78.3,202712084,3051929524,0.05,0.19,0.12
2025-06-28 17:29:30,43.9,89.1,78.3,202727825,3051939418,0.04,0.18,0.12
2025-06-28 17:29:41,5.7,89.2,78.3,202759743,3051997008,0.03,0.17,0.12
2025-06-28 17:29:52,70.2,92.0,78.3,202760569,3051997780,0.99,0.38,0.19
2025-06-28 17:30:03,16.6,92.4,78.3,202792548,3052056533,0.83,0.37,0.19
2025-06-28 17:30:15,49.5,88.5,78.3,202815834,3052081970,1.53,0.54,0.25
2025-06-28 17:30:26,29.6,92.5,78.3,203290852,3054281389,1.3,0.53,0.25
2025-06-28 17:30:37,37.0,81.5,78.3,203435156,3054855846,1.1,0.51,0.24
2025-06-28 17:30:48,35.9,84.0,78.3,203473134,3054888307,1.09,0.53,0.25
2025-06-28 17:30:59,23.3,84.3,78.3,203498879,3054950672,0.92,0.51,0.25
2025-06-28 17:31:10,18.2,83.9,78.3,203522008,3054964564,0.72,0.48,0.25
2025-06-28 17:31:21,16.6,83.0,78.3,203533627,3054979861,0.61,0.47,0.24
2025-06-28 17:31:32,12.7,83.7,78.3,203563979,3055002878,0.51,0.45,0.24
2025-06-28 17:31:43,28.7,85.1,78.3,203602904,3055053275,0.44,0.44,0.24
2025-06-28 17:31:54,7.0,85.4,78.3,203603772,3055054167,0.37,0.42,0.24
2025-06-28 17:32:57,22.1,85.9,78.3,204605261,3063671133,0.0,0.0,0.0
2025-06-28 17:33:08,3.9,85.9,78.3,204688116,3063745986,0.0,0.0,0.0
2025-06-28 17:33:19,7.8,86.6,78.3,204714773,3063773610,0.0,0.0,0.0
2025-06-28 17:33:30,12.0,86.9,78.3,204740937,3063795592,0.0,0.0,0.0
2025-06-28 17:33:41,7.2,86.4,78.3,204797533,3063891764,0.0,0.0,0.0
2025-06-28 17:33:52,9.3,86.7,78.3,204798734,3063892941,0.0,0.0,0.0
2025-06-28 17:34:03,18.3,89.0,78.3,204947305,3064015160,0.0,0.0,0.0
2025-06-28 17:34:14,5.8,89.3,78.3,205025808,3064088827,0.0,0.0,0.0
2025-06-28 17:34:25,10.9,88.9,78.3,205071891,3064126722,0.0,0.0,0.0
